test	1k	10k	FP
0.06	0.07736115703306723	0.08722353517299553	0.0937532067576967
0.12	0.23212840005101043	0.261634102449932	0.288103500435909
0.19	0.4642855745919974	0.5230399557504484	0.597568187352408
0.25	0.7735437394547944	0.8708578723773712	1.04621572725921
0.31	1.1590264956423653	1.3037642176263375	1.67111168535916
0.38	1.6188615450914767	1.820930222432196	2.52836848689162
0.44	2.1496998465664774	2.4187931738943007	3.70383211066280