test	val	min	max
0	0.14864851436595114	0.11758040576285828	0.179716622969044
1	0.14944208173434115	0.11784045172218222	0.18104371174650005
2	0.15117787788184073	0.11695101925566401	0.18540473650801745
3	0.15419452900044395	0.11285431293161835	0.19553474506926952
4	0.16129473102806346	0.10647643732300249	0.21611302473312446
5	0.17628167174098153	0.10194440541658792	0.2506189380653751
6	0.19831217338742863	0.10008039049122104	0.2965439562836362