test	val	min	max
0	0.142697645096544	0.102224063052243	0.183171227140845
1	0.143270227145459	0.101983828134762	0.184556626156156
2	0.143406747125021	0.0962876037110046	0.190525890539037
3	0.142372922650567	0.0815751531892187	0.203170692111915
4	0.142879853430726	0.0561048528145558	0.229654854046896
5	0.143818450451079	0.0181070887515025	0.269529812150655
6	0.144403402092930	-0.0395804758675352	0.328387280053396