test	val	min	max
0	0.14714498467555143	0.11940205131123612	0.17488791803986675
1	0.14885594269502103	0.11900654046878581	0.17870534492125625
2	0.1522314660724341	0.11933431868890325	0.18512861345596493
3	0.15419452900044395	0.11285431293161835	0.19553474506926952
4	0.16031705841975907	0.10647643732300249	0.21415767951651565
5	0.17326526927328428	0.10194440541658792	0.24458613312998062
6	0.1936655156977052	0.10092687264612048	0.2864041587492899