test	val	min	max
0	0.09021556358097182	0.08701635893703907	0.09341476822490458
1	0.08516731652070503	0.08081325846456663	0.08952137457684343
2	0.1027401962178448	0.09579944874626753	0.10968094368942206
3	0.0982808116872691	0.09587510043743294	0.10068652293710527
4	0.1089769257243766	0.10467402173227668	0.11327982971647653
5	0.10840056707150707	0.10321950286719585	0.11358163127581829
6	0.1054912997529531	0.09904292723078531	0.1119396722751209
7	0.10715902268556642	0.10293848615301149	0.11137955921812134
8	0.12572113618658326	0.11963003093048424	0.1318122414426823