test	val	min	max
0	0.0894429724919055	0.0853827955106871	0.0935031494731238
1	0.0845279987110195	0.0794750177812953	0.0895809796407438
2	0.102111659824910	0.0938194621294503	0.110403857520370
3	0.0977593108917650	0.0945019526880490	0.101016669095481
4	0.107985798527823	0.102463526434773	0.113508070620873
5	0.107707794488646	0.101240373639407	0.114175215337886
6	0.104182396961555	0.0958151527197138	0.112549641203396
7	0.106590515115477	0.101675297314394	0.111505732916560
8	0.124680378112762	0.117370386076192	0.131990370149331