test	val	min	max
0	0.09019415171920164	0.0869768579412299	0.09341144549717337
1	0.08516582020647924	0.0808144870566623	0.08951715335629618
2	0.1029417954054177	0.09564596744545417	0.11023762336538122
3	0.09835715087627947	0.09577178849006412	0.1009425132624948
4	0.10899241452910663	0.10466321203349453	0.11332161702471871
5	0.10857333125452537	0.10318803907437062	0.11395862343468012
6	0.10545530994245877	0.09859685019888824	0.11231376968602931
7	0.10715610526824791	0.10293991565344406	0.11137229488305177
8	0.12526015768820314	0.1187012621847005	0.13181905319170575