test	1k	GT	FP
5	0.6046130363995417	0.6172027655431975	0.674561858046104
6	0.6814404357110107	0.7031827563092179	0.788620643135005
7	0.5577543482606302	0.5576133259760923	0.583197452374293
8	0.5539900246051275	0.5657294660214234	0.599578311754613
9	0.506652335474655	0.5323647808292549	0.557988611349401
10	0.4906018184960885	0.4990334598114714	0.530014428455956
11	0.4953405053855704	0.4998908420182886	0.530207346655857
12	0.13944529243015324	0.14248720842083173	0.159869522263705
13	0.036341605014627326	0.036995611461819816	0.0431234043567127