test	1k	10k	FP
5	1.2497486059113498	1.322746542790867	1.47134458714208
6	0.7281805509442734	0.7640926269251622	0.830598862484521
7	0.4092001657816695	0.4165680664222009	0.448617489417302
8	0.6360978475457273	0.6640887403382862	0.746608432948392
9	0.5712864403702724	0.5948614989379735	0.675972075454865
10	0.3107556873807198	0.3160683936178543	0.362272150598642
11	0.11881943265254336	0.12800483602092072	0.166324104405703
12	0.4064717582282782	0.4304571556647261	0.473441460316565
13	0.040408951186730185	0.04318296646749939	0.0567104642614689