test	val	min	max
0	0.10375473699253374	0.0965263210064123	0.11098315297865519
1	0.09079704259177232	0.0878214120923591	0.09377267309118555
2	0.10296004745445342	0.09592155413352092	0.10999854077538591
3	0.10631672182558022	0.10337159977791117	0.10926184387324926
4	0.11161882146590217	0.10601250725872968	0.11722513567307466
5	0.11356978719423794	0.10590057641291027	0.12123899797556559
6	0.1209448622832592	0.11238574117020458	0.1295039833963138
7	0.11631284047680618	0.10898885181369965	0.12363682913991271
8	0.14251197249222833	0.13260528789182205	0.1524186570926346