test	val	min	max
0	0.10384483292033762	0.09645618997282172	0.11123347586785352
1	0.09079174385124623	0.08773158246078754	0.09385190524170493
2	0.10329239811903725	0.09578365896274557	0.11080113727532892
3	0.10606660806873144	0.10262759550115214	0.10950562063631074
4	0.11158415878350587	0.10573478637477872	0.11743353119223303
5	0.11368944935077509	0.1057109730532954	0.12166792564825478
6	0.12082803336413896	0.11177227504068901	0.1298837916875889
7	0.11663072765376098	0.10887994479566288	0.1243815105118591
8	0.14277429134163216	0.13162056816576279	0.15392801451750152