test	val	min	max
0	0.101027828955136	0.0900452187674731	0.112010439142799
1	0.0902446735473506	0.0862196069016250	0.0942697401930762
2	0.102142321585829	0.0932413536609056	0.111043289510753
3	0.105422896965205	0.101221239699379	0.109624554231031
4	0.110354374951160	0.102888172216612	0.117820577685708
5	0.112358561691662	0.102464274966850	0.122252848416474
6	0.119623940739854	0.108536321592043	0.130711559887665
7	0.115725406045449	0.106731923892679	0.124718888198219
8	0.141661762668714	0.129034050118480	0.154289475218948