test	val	min	max
0	0.11655947820894784	0.10621754114772472	0.12690141527017096
1	0.11660512481285255	0.10556666084140776	0.12764358878429735
2	0.11791235917084542	0.10507794942204683	0.13074676891964399
3	0.11914069888636011	0.10197609878843986	0.13630529898428037
4	0.1236558925977976	0.09924206292411253	0.14806972227148268
5	0.13331627199882407	0.09755484371645326	0.16907770028119487
6	0.14814032513844813	0.09723548106765235	0.1990451692092439