test	val	min	max
0	0.11629574960440611	0.10572791228330804	0.12686358692550417
1	0.11656963439632799	0.10556767159617331	0.12757159719648267
2	0.11728194209737021	0.10396604415729324	0.13059784003744718
3	0.11924295968300691	0.1014506932433165	0.13703522612269733
4	0.1241290501594106	0.09821384926141871	0.1500442510574025
5	0.1329484379408398	0.09613603653114729	0.16976083935053232
6	0.14664698534330342	0.09534824354746228	0.19794572713914454