test	val	min	max
0	0.113777687673557	0.100280814346631	0.127274561000483
1	0.114178956003785	0.100346085226417	0.128011826781152
2	0.113944724145742	0.0965736031309977	0.131315845160485
3	0.113649230515217	0.0888515638787145	0.138446897151719
4	0.113470100316373	0.0737946995285504	0.153145501104196
5	0.113600516337348	0.0508023825604820	0.176398650114214
6	0.113556001899974	0.0150654782132626	0.212046525586685