test	1k	GT	FP
0.06	0.037356660020695945	0.03815568708427457	0.0449189453761761
0.12	0.04212630160412986	0.04335525015972126	0.0524578268069076
0.19	0.053369222237856326	0.05610244989118744	0.0711059982433192
0.25	0.06957880067594831	0.07816576400125017	0.105233683236406
0.31	0.09082266340040258	0.10696955575364489	0.154081028025324
0.38	0.12040565719222347	0.14263444418524168	0.223589916088319
0.44	0.1579592000661068	0.18832593700112843	0.326829369392304